game,branch,team,software,paper_game,paper,number_teammates,attendance,max_skill,min_skill,reproduction,time_reproduction,time2_reproduction,minor_errors,time_first_minor,time2_first_minor,major_errors,time_first_major,time2_first_major,good_robustness,one_good_robustness,two_good_robustness,ran_robustness,ran_one_robustness,ran_two_robustness,min_gpt,max_gpt,combined_coding,min_coding,max_coding,followup_responces,x24,game2,combined_follow,prompts,files,images,words,min_skill_num,max_skill_num,min_gpt_num,max_gpt_num,min_professor,min_postdoc,min_researcher,min_student,max_professor,max_postdoc,max_researcher,max_student,min_gpt_never,min_gpt_beginner,min_gpt_intermediate,min_gpt_advanced,max_gpt_never,max_gpt_beginner,max_gpt_intermediate,max_gpt_advanced
Bogota,AI-Assisted,2.0,Stata,Paper 1, Saving Accounts’ Interplay With Network-Based Financial Arrangements: Evidence From A Field Experiment,2,In-Person,Professor,Student,1,1899-12-31T09:54:00Z,54,0,NA,NA,0,NA,NA,2,TRUE,TRUE,2,TRUE,TRUE,Beginner,Beginner,5,Proficient,Proficient,1,NA,Bogota,5,37,4,0,17032,1,4,2,2,0,0,0,1,1,0,0,0,0,1,0,0,0,1,0,0
Bogota,AI-Assisted,3.0,Stata,Paper 1, Saving Accounts’ Interplay With Network-Based Financial Arrangements: Evidence From A Field Experiment,3,In-Person,Researcher,Student,1,1899-12-31T11:31:00Z,151,0,NA,NA,0,NA,NA,2,TRUE,TRUE,2,TRUE,TRUE,Never,Never,8,Expert,Expert,1,NA,Bogota,8,22,3,0,11495,1,2,1,1,0,0,0,1,0,0,1,0,1,0,0,0,1,0,0,0
Bogota,Human-Only,5.0,Stata,Paper 1, Saving Accounts’ Interplay With Network-Based Financial Arrangements: Evidence From A Field Experiment,2,In-Person,Researcher,Student,1,1899-12-31T11:15:00Z,135,1,1899-12-31T10:25:00Z,85,0,NA,NA,1,TRUE,FALSE,2,TRUE,FALSE,Intermediate,Advanced,3,Advanced Beginner,Advanced Beginner,1,NA,Bogota,3,0,0,0,0,1,2,3,4,0,0,0,1,0,0,1,0,0,0,1,0,0,0,0,1
Bogota,AI-Assisted,1.0,R,Paper 2, Acquiescence Bias Inflates Estimates Of Conspiratorial Beliefs And Political Misperceptions,2,In-Person,Student,Student,1,1899-12-31T10:15:00Z,75,0,NA,NA,0,NA,NA,2,TRUE,TRUE,2,TRUE,TRUE,Beginner,Beginner,4,Competent,Competent,1,NA,Bogota,4,40,4,0,16855,1,1,2,2,0,0,0,1,0,0,0,1,0,1,0,0,0,1,0,0
Bogota,Human-Only,4.0,R,Paper 2, Acquiescence Bias Inflates Estimates Of Conspiratorial Beliefs And Political Misperceptions,2,In-Person,Student,Student,1,1899-12-31T10:47:00Z,107,0,NA,NA,1,1899-12-31T12:03:00Z,183,2,TRUE,TRUE,2,TRUE,TRUE,Beginner,Intermediate,2,Competent,Competent,1,NA,Bogota,2,0,0,0,0,1,1,2,3,0,0,0,1,0,0,0,1,0,1,0,0,0,0,1,0
Bogota,AI-Led,6.0,R,Paper 2, Acquiescence Bias Inflates Estimates Of Conspiratorial Beliefs And Political Misperceptions,2,Virtual,Student,Student,0,NA,NA,0,NA,NA,0,NA,NA,2,TRUE,TRUE,0,FALSE,FALSE,Beginner,Intermediate,12,Proficient,Proficient,2,NA,Bogota,6,0,0,0,0,1,1,2,3,0,0,0,1,0,0,0,1,0,1,0,0,0,0,1,0
Cornell,AI-Assisted,7r,R,Paper 1, Acquiescence Bias Inflates Estimates Of Conspiratorial Beliefs And Political Misperceptions,2,Virtual,Postdoc,Student,1,1899-12-31T09:41:00Z,41,0,NA,NA,2,1899-12-31T11:11:00Z,131,2,TRUE,TRUE,2,TRUE,TRUE,Intermediate,Intermediate,15,Proficient,Proficient,2,NA,Cornell,7.5,13,3,0,8335,1,3,3,3,0,0,0,1,0,1,0,0,0,0,1,0,0,0,1,0
Cornell,Human-Only,1r,R,Paper 1, Acquiescence Bias Inflates Estimates Of Conspiratorial Beliefs And Political Misperceptions,3,In-Person,Professor,Student,1,1899-12-31T10:10:00Z,70,1,1899-12-31T13:57:00Z,297,1,1899-12-31T10:51:00Z,111,2,TRUE,TRUE,2,TRUE,TRUE,Never,Intermediate,24,Proficient,Expert,3,NA,Cornell,8,0,0,0,0,1,4,1,3,0,0,0,1,1,0,0,0,1,0,0,0,0,0,1,0
Cornell,AI-Assisted,3r,R,Paper 1, Acquiescence Bias Inflates Estimates Of Conspiratorial Beliefs And Political Misperceptions,3,In-Person,Postdoc,Student,1,1899-12-31T10:37:00Z,97,0,NA,NA,0,1899-12-31T13:44:00Z,284,2,TRUE,TRUE,2,TRUE,TRUE,Never,Intermediate,20,Proficient,Proficient,2,NA,Cornell,10,39,9,0,20513,1,3,1,3,0,0,0,1,0,1,0,0,1,0,0,0,0,0,1,0
Cornell,AI-Led,2r,R,Paper 1, Acquiescence Bias Inflates Estimates Of Conspiratorial Beliefs And Political Misperceptions,2,In-Person,Student,Student,0,NA,NA,0,NA,NA,0,NA,NA,2,TRUE,TRUE,0,FALSE,FALSE,Intermediate,Advanced,14,Proficient,Expert,2,NA,Cornell,7,0,0,0,0,1,1,3,4,0,0,0,1,0,0,0,1,0,0,1,0,0,0,0,1
Cornell,AI-Led,8r,R,Paper 1, Acquiescence Bias Inflates Estimates Of Conspiratorial Beliefs And Political Misperceptions,3,Virtual,Student,Student,0,NA,NA,0,NA,NA,0,NA,NA,2,TRUE,TRUE,0,FALSE,FALSE,Beginner,Intermediate,10,Advanced Beginner,Competent,2,NA,Cornell,5,0,0,0,0,1,1,2,3,0,0,0,1,0,0,0,1,0,1,0,0,0,0,1,0
Cornell,AI-Assisted,5s,Stata,Paper 2, The Heterogeneous Tax Pass-Through Under Different Vertical Relationships,2,Virtual,Professor,Researcher,1,1899-12-31T10:30:00Z,90,0,NA,NA,0,NA,NA,2,TRUE,TRUE,2,TRUE,TRUE,Beginner,Advanced,20,Competent,Expert,2,NA,Cornell,10,12,2,0,4633,2,4,2,4,0,0,1,0,1,0,0,0,0,1,0,0,0,0,0,1
Cornell,Human-Only,1s,Stata,Paper 2, The Heterogeneous Tax Pass-Through Under Different Vertical Relationships,2,In-Person,Student,Student,1,1899-12-31T10:32:00Z,92,1,1899-12-31T10:20:00Z,80,0,NA,NA,2,TRUE,TRUE,2,TRUE,TRUE,Advanced,Advanced,10,Expert,Expert,1,NA,Cornell,10,0,0,0,0,1,1,4,4,0,0,0,1,0,0,0,1,0,0,0,1,0,0,0,1
Cornell,AI-Led,6s,Stata,Paper 2, The Heterogeneous Tax Pass-Through Under Different Vertical Relationships,2,Virtual,Professor,Student,1,1899-12-31T13:33:00Z,273,0,NA,NA,0,NA,NA,2,TRUE,TRUE,2,TRUE,TRUE,Advanced,Advanced,13,Proficient,Proficient,2,NA,Cornell,6.5,0,0,0,0,1,4,4,4,0,0,0,1,1,0,0,0,0,0,0,1,0,0,0,1
Ottawa,AI-Assisted,5r,R,Paper 1, Arrests And Convictions But Not Sentence Length Deter Terrorism In 28 European Union Member States,2,Virtual,Student,Student,1,1899-12-31T15:23:00Z,383,0,NA,NA,0,NA,NA,2,TRUE,TRUE,0,FALSE,FALSE,NA,NA,9,Advanced Beginner,Competent,2,NA,Ottawa,4.5,69,7,2,34616,1,1,NA,NA,0,0,0,1,0,0,0,1,0,0,0,0,0,0,0,0
Ottawa,Human-Only,1r,R,Paper 1, Arrests And Convictions But Not Sentence Length Deter Terrorism In 28 European Union Member States,3,In-Person,Student,Student,0,NA,NA,1,1899-12-31T11:00:00Z,120,2,1899-12-31T09:45:00Z,45,2,TRUE,TRUE,2,TRUE,TRUE,Never,Advanced,34,Competent,Expert,4,NA,Ottawa,8.5,0,0,0,0,1,1,1,4,0,0,0,1,0,0,0,1,1,0,0,0,0,0,0,1
Ottawa,Human-Only,4r,R,Paper 1, Arrests And Convictions But Not Sentence Length Deter Terrorism In 28 European Union Member States,2,Virtual,Postdoc,Student,0,NA,NA,0,NA,NA,1,1899-12-31T13:12:00Z,252,2,TRUE,TRUE,0,FALSE,FALSE,Beginner,Beginner,6,Advanced Beginner,Proficient,2,NA,Ottawa,3,0,0,0,0,1,3,2,2,0,0,0,1,0,1,0,0,0,1,0,0,0,1,0,0
Ottawa,AI-Led,3r,R,Paper 1, Arrests And Convictions But Not Sentence Length Deter Terrorism In 28 European Union Member States,3,In-Person,Professor,Student,0,NA,NA,0,NA,NA,0,1899-12-31T10:00:00Z,60,0,FALSE,FALSE,0,FALSE,FALSE,Intermediate,Advanced,16,Competent,Expert,2,NA,Ottawa,8,0,0,0,0,1,4,3,4,0,0,0,1,1,0,0,0,0,0,1,0,0,0,0,1
Ottawa,AI-Led,6r,R,Paper 1, Arrests And Convictions But Not Sentence Length Deter Terrorism In 28 European Union Member States,2,In-Person,Professor,Student,0,NA,NA,0,NA,NA,1,1899-12-31T11:21:00Z,141,2,TRUE,TRUE,2,TRUE,TRUE,Beginner,Advanced,26,Competent,Proficient,3,NA,Ottawa,8.666666666666666,0,0,0,0,1,4,2,4,0,0,0,1,1,0,0,0,0,1,0,0,0,0,0,1
Ottawa,Human-Only,7.0,Stata,Paper 2, Major Reforms In Electricity Pricing: Evidence From A Quasi-Experiment,3,In-Person,Professor,Student,1,1899-12-31T09:58:00Z,58,1,1899-12-31T09:50:00Z,50,2,1899-12-31T12:00:00Z,180,2,TRUE,TRUE,2,TRUE,TRUE,Intermediate,Intermediate,21,Advanced Beginner,Proficient,3,NA,Ottawa,7,0,0,0,0,1,4,3,3,0,0,0,1,1,0,0,0,0,0,1,0,0,0,1,0
Ottawa,AI-Assisted,5.0,Stata,Paper 2, Major Reforms In Electricity Pricing: Evidence From A Quasi-Experiment,4,In-Person,Professor,Student,1,1899-12-31T10:10:00Z,70,1,1899-12-31T12:05:00Z,185,2,1899-12-31T10:12:00Z,72,2,TRUE,TRUE,2,TRUE,TRUE,Beginner,Advanced,15,Proficient,Proficient,2,NA,Ottawa,7.5,23,8,4,9082,1,4,2,4,0,0,0,1,1,0,0,0,0,1,0,0,0,0,0,1
Ottawa,AI-Assisted,2.0,Stata,Paper 2, Major Reforms In Electricity Pricing: Evidence From A Quasi-Experiment,2,In-Person,Professor,Student,1,1899-12-31T10:20:00Z,80,1,1899-12-31T09:45:00Z,45,0,NA,NA,2,TRUE,TRUE,2,TRUE,TRUE,Beginner,Beginner,13,Proficient,Expert,2,NA,Ottawa,6.5,13,4,0,10749,1,4,2,2,0,0,0,1,1,0,0,0,0,1,0,0,0,1,0,0
Ottawa,Human-Only,4.0,Stata,Paper 2, Major Reforms In Electricity Pricing: Evidence From A Quasi-Experiment,2,Virtual,Postdoc,Student,1,1899-12-31T10:25:00Z,85,3,1899-12-31T09:00:00Z,0,2,1899-12-31T10:00:00Z,60,2,TRUE,TRUE,2,TRUE,TRUE,Beginner,Advanced,24,Competent,Proficient,2,NA,Ottawa,12,0,0,0,0,1,3,2,4,0,0,0,1,0,1,0,0,0,1,0,0,0,0,0,1
Ottawa,Human-Only,1.0,Stata,Paper 2, Major Reforms In Electricity Pricing: Evidence From A Quasi-Experiment,3,In-Person,Professor,Student,1,1899-12-31T11:00:00Z,120,1,1899-12-31T14:00:00Z,300,1,1899-12-31T14:00:00Z,300,2,TRUE,TRUE,2,TRUE,TRUE,Intermediate,Intermediate,25,Proficient,Expert,2,NA,Ottawa,12.5,0,0,0,0,1,4,3,3,0,0,0,1,1,0,0,0,0,0,1,0,0,0,1,0
Ottawa,AI-Led,3.0,Stata,Paper 2, Major Reforms In Electricity Pricing: Evidence From A Quasi-Experiment,3,In-Person,Professor,Student,0,NA,NA,1,1899-12-31T14:30:00Z,330,1,1899-12-31T15:02:00Z,362,1,TRUE,FALSE,0,FALSE,FALSE,Never,Intermediate,42,Proficient,Proficient,3,NA,Ottawa,14,0,0,0,0,1,4,1,3,0,0,0,1,1,0,0,0,1,0,0,0,0,0,1,0
Ottawa,AI-Led,6.0,Stata,Paper 2, Major Reforms In Electricity Pricing: Evidence From A Quasi-Experiment,2,Virtual,Professor,Postdoc,0,NA,NA,0,NA,NA,0,NA,NA,0,FALSE,FALSE,0,FALSE,FALSE,Beginner,Intermediate,20,Proficient,Expert,2,NA,Ottawa,10,0,0,0,0,3,4,2,3,0,1,0,0,1,0,0,0,0,1,0,0,0,0,1,0
Sheffield,Human-Only,1.0,R,Paper 1, Taste-Based Gender Favouritism In High-Stake Decisions: Evidence From The Price Is Right,3,In-Person,Professor,Student,1,1899-12-31T11:50:00Z,170,1,1899-12-31T11:00:00Z,120,0,NA,NA,2,TRUE,TRUE,2,TRUE,TRUE,Beginner,Intermediate,17,Advanced Beginner,Proficient,3,NA,Sheffield,5.666666666666667,0,0,0,0,1,4,2,3,0,0,0,1,1,0,0,0,0,1,0,0,0,0,1,0
Sheffield,Human-Only,2.0,R,Paper 1, Taste-Based Gender Favouritism In High-Stake Decisions: Evidence From The Price Is Right,3,In-Person,Student,Student,1,1899-12-31T10:17:00Z,77,1,1899-12-31T10:25:00Z,85,0,NA,NA,2,TRUE,TRUE,2,TRUE,TRUE,Beginner,Advanced,15,Competent,Proficient,3,NA,Sheffield,5,0,0,0,0,1,1,2,4,0,0,0,1,0,0,0,1,0,1,0,0,0,0,0,1
Sheffield,AI-Assisted,3.0,R,Paper 1, Taste-Based Gender Favouritism In High-Stake Decisions: Evidence From The Price Is Right,2,In-Person,Student,Student,1,1899-12-31T10:02:00Z,62,0,NA,NA,0,NA,NA,2,TRUE,TRUE,2,TRUE,TRUE,Beginner,Intermediate,4,Competent,Competent,1,NA,Sheffield,4,91,42,0,36761,1,1,2,3,0,0,0,1,0,0,0,1,0,1,0,0,0,0,1,0
Sheffield,AI-Assisted,4.0,R,Paper 1, Taste-Based Gender Favouritism In High-Stake Decisions: Evidence From The Price Is Right,2,In-Person,Student,Student,1,1899-12-31T10:04:00Z,64,0,NA,NA,0,NA,NA,1,TRUE,FALSE,2,TRUE,FALSE,Beginner,Intermediate,16,Competent,Proficient,2,NA,Sheffield,8,0,0,0,0,1,1,2,3,0,0,0,1,0,0,0,1,0,1,0,0,0,0,1,0
Sheffield,AI-Assisted,5.0,R,Paper 1, Taste-Based Gender Favouritism In High-Stake Decisions: Evidence From The Price Is Right,2,In-Person,Professor,Student,1,1899-12-31T14:07:00Z,307,0,NA,NA,0,NA,NA,1,TRUE,FALSE,1,TRUE,FALSE,Beginner,Intermediate,18,Competent,Proficient,2,NA,Sheffield,9,59,13,1,25985,1,4,2,3,0,0,0,1,1,0,0,0,0,1,0,0,0,0,1,0
Sheffield,AI-Led,6.0,R,Paper 1, Taste-Based Gender Favouritism In High-Stake Decisions: Evidence From The Price Is Right,3,In-Person,Student,Student,0,NA,NA,0,NA,NA,0,NA,NA,0,FALSE,FALSE,1,FALSE,FALSE,Beginner,Advanced,15,Competent,Expert,3,NA,Sheffield,5,0,0,0,0,1,1,2,4,0,0,0,1,0,0,0,1,0,1,0,0,0,0,0,1
Sheffield,AI-Led,7.0,R,Paper 1, Taste-Based Gender Favouritism In High-Stake Decisions: Evidence From The Price Is Right,3,In-Person,Professor,Student,1,1899-12-31T11:48:00Z,168,0,NA,NA,0,NA,NA,0,FALSE,FALSE,2,FALSE,FALSE,Beginner,Intermediate,39,Novice,Competent,3,NA,Sheffield,13,0,0,0,0,1,4,2,3,0,0,0,1,1,0,0,0,0,1,0,0,0,0,1,0
Sheffield,Human-Only,9.0,R,Paper 1, Taste-Based Gender Favouritism In High-Stake Decisions: Evidence From The Price Is Right,3,Virtual,Professor,Student,1,1899-12-31T10:08:00Z,68,0,NA,NA,0,NA,NA,2,TRUE,TRUE,2,TRUE,TRUE,Intermediate,Advanced,27,Competent,Expert,2,NA,Sheffield,13.5,0,0,0,0,1,4,3,4,0,0,0,1,1,0,0,0,0,0,1,0,0,0,0,1
Sheffield,AI-Led,10.0,R,Paper 1, Taste-Based Gender Favouritism In High-Stake Decisions: Evidence From The Price Is Right,3,Virtual,Professor,Researcher,0,NA,NA,0,NA,NA,0,NA,NA,2,TRUE,TRUE,2,TRUE,TRUE,Beginner,Intermediate,27,Proficient,Proficient,3,NA,Sheffield,9,0,0,0,0,2,4,2,3,0,0,1,0,1,0,0,0,0,1,0,0,0,0,1,0
Sheffield,AI-Led,11.0,R,Paper 1, Taste-Based Gender Favouritism In High-Stake Decisions: Evidence From The Price Is Right,3,Virtual,Postdoc,Student,0,NA,NA,0,NA,NA,0,NA,NA,1,TRUE,FALSE,2,TRUE,FALSE,Beginner,Intermediate,35,Competent,Expert,3,NA,Sheffield,11.666666666666666,0,0,0,0,1,3,2,3,0,0,0,1,0,1,0,0,0,1,0,0,0,0,1,0
Sheffield,AI-Assisted,12.0,R,Paper 1, Taste-Based Gender Favouritism In High-Stake Decisions: Evidence From The Price Is Right,3,Virtual,Postdoc,Student,1,1899-12-31T09:39:00Z,39,0,NA,NA,0,NA,NA,2,TRUE,TRUE,2,TRUE,TRUE,Beginner,Intermediate,22,Advanced Beginner,Expert,3,NA,Sheffield,7.333333333333333,25,6,0,24065,1,3,2,3,0,0,0,1,0,1,0,0,0,1,0,0,0,0,1,0
Sheffield,AI-Assisted,13.0,Stata,Paper 2, The Heterogeneous Tax Pass-Through Under Different Vertical Relationships,2,Virtual,Professor,Postdoc,1,1899-12-31T10:15:00Z,75,0,NA,NA,0,NA,NA,2,TRUE,TRUE,2,TRUE,TRUE,Beginner,Advanced,11,Advanced Beginner,Expert,2,NA,Sheffield,5.5,7,0,0,0,3,4,2,4,0,1,0,0,1,0,0,0,0,1,0,0,0,0,0,1
Sheffield,AI-Led,14.0,Stata,Paper 2, The Heterogeneous Tax Pass-Through Under Different Vertical Relationships,2,Virtual,Professor,Student,0,NA,NA,0,NA,NA,0,NA,NA,1,TRUE,FALSE,0,FALSE,FALSE,Beginner,Intermediate,14,Competent,Expert,2,NA,Sheffield,7,0,0,0,0,1,4,2,3,0,0,0,1,1,0,0,0,0,1,0,0,0,0,1,0
Tilburg,Human-Only,2r,R,Paper 1, Do Policymakers Listen To Experts? Evidence From A National Survey Of Local And State Policymakers,2,Virtual,Student,Student,1,1899-12-31T10:18:00Z,78,1,1899-12-31T09:47:00Z,47,0,NA,NA,2,TRUE,TRUE,0,FALSE,FALSE,Beginner,Intermediate,27,Advanced Beginner,Proficient,3,NA,Tilburg,9,0,0,0,0,1,1,2,3,0,0,0,1,0,0,0,1,0,1,0,0,0,0,1,0
Tilburg,Human-Only,6r,R,Paper 1, Do Policymakers Listen To Experts? Evidence From A National Survey Of Local And State Policymakers,2,Virtual,Postdoc,Student,1,1899-12-31T11:12:00Z,132,1,1899-12-31T11:27:00Z,147,0,NA,NA,2,TRUE,TRUE,2,TRUE,TRUE,Beginner,Advanced,16,Competent,Expert,3,NA,Tilburg,5.333333333333333,0,0,0,0,1,3,2,4,0,0,0,1,0,1,0,0,0,1,0,0,0,0,0,1
Tilburg,AI-Assisted,5r,R,Paper 1, Do Policymakers Listen To Experts? Evidence From A National Survey Of Local And State Policymakers,3,Virtual,Postdoc,Student,1,1899-12-31T11:30:00Z,150,0,NA,NA,0,NA,NA,1,TRUE,FALSE,2,TRUE,FALSE,Beginner,Intermediate,18,Novice,Proficient,3,NA,Tilburg,6,130,27,9,68041,1,3,2,3,0,0,0,1,0,1,0,0,0,1,0,0,0,0,1,0
Tilburg,AI-Assisted,1r,R,Paper 1, Do Policymakers Listen To Experts? Evidence From A National Survey Of Local And State Policymakers,2,In-Person,Professor,Student,0,NA,NA,2,1899-12-31T10:06:00Z,66,2,1899-12-31T10:43:00Z,103,2,TRUE,TRUE,0,FALSE,FALSE,Beginner,Intermediate,32,Proficient,Expert,2,NA,Tilburg,16,14,4,4,9542,1,4,2,3,0,0,0,1,1,0,0,0,0,1,0,0,0,0,1,0
Tilburg,AI-Led,3r,R,Paper 1, Do Policymakers Listen To Experts? Evidence From A National Survey Of Local And State Policymakers,3,In-Person,Student,Student,0,NA,NA,0,NA,NA,0,NA,NA,1,TRUE,FALSE,2,TRUE,FALSE,Intermediate,Advanced,17,Competent,Competent,3,NA,Tilburg,5.666666666666667,82,18,9,51268,1,1,3,4,0,0,0,1,0,0,0,1,0,0,1,0,0,0,0,1
Tilburg,AI-Led,4r,R,Paper 1, Do Policymakers Listen To Experts? Evidence From A National Survey Of Local And State Policymakers,3,In-Person,Professor,Student,0,NA,NA,0,NA,NA,0,NA,NA,1,TRUE,FALSE,2,TRUE,FALSE,Beginner,Intermediate,20,Competent,Proficient,3,NA,Tilburg,6.666666666666667,311,0,0,97540,1,4,2,3,0,0,0,1,1,0,0,0,0,1,0,0,0,0,1,0
Tilburg,AI-Assisted,1s,Stata,Paper 2, Examining Inequality In The Time Cost Of Waiting,3,In-Person,Professor,Professor,1,1899-12-31T10:10:00Z,70,1,1899-12-31T11:55:00Z,175,3,1899-12-31T10:30:00Z,90,2,TRUE,TRUE,2,TRUE,TRUE,Intermediate,Advanced,19,Advanced Beginner,Expert,2,NA,Tilburg,9.5,52,20,0,10580,4,4,3,4,1,0,0,0,1,0,0,0,0,0,1,0,0,0,0,1
Tilburg,Human-Only,2s,Stata,Paper 2, Examining Inequality In The Time Cost Of Waiting,2,In-Person,Professor,Student,1,1899-12-31T11:20:00Z,140,0,NA,NA,3,1899-12-31T15:15:00Z,375,2,TRUE,TRUE,2,TRUE,TRUE,Beginner,Intermediate,22,Advanced Beginner,Expert,3,NA,Tilburg,7.333333333333333,0,0,0,0,1,4,2,3,0,0,0,1,1,0,0,0,0,1,0,0,0,0,1,0
Tilburg,AI-Led,3s,Stata,Paper 2, Examining Inequality In The Time Cost Of Waiting,3,Virtual,Postdoc,Student,1,1899-12-31T11:49:00Z,169,0,NA,NA,0,NA,NA,2,TRUE,TRUE,2,TRUE,TRUE,Beginner,Intermediate,7,Competent,Competent,1,NA,Tilburg,7,36,12,2,15174,1,3,2,3,0,0,0,1,0,1,0,0,0,1,0,0,0,0,1,0
Toronto,AI-Assisted,q,R,Paper 1, Sorting Or Steering: The Effects Of Housing Discrimination On Neighborhood Choice,3,Virtual,Professor,Postdoc,1,1899-12-31T09:25:00Z,25,7,1899-12-31T09:36:00Z,36,1,1899-12-31T10:32:00Z,92,2,TRUE,TRUE,2,TRUE,TRUE,Beginner,Advanced,18,Competent,Proficient,3,NA,Toronto,6,0,0,0,0,3,4,2,4,0,1,0,0,1,0,0,0,0,1,0,0,0,0,0,1
Toronto,Human-Only,g,R,Paper 1, Sorting Or Steering: The Effects Of Housing Discrimination On Neighborhood Choice,2,Virtual,Professor,Professor,1,1899-12-31T09:26:00Z,26,3,1899-12-31T10:05:00Z,65,3,1899-12-31T10:26:00Z,86,1,TRUE,FALSE,2,TRUE,FALSE,Never,Intermediate,45,Competent,Proficient,3,NA,Toronto,15,0,0,0,0,4,4,1,3,1,0,0,0,1,0,0,0,1,0,0,0,0,0,1,0
Toronto,Human-Only,u,R,Paper 1, Sorting Or Steering: The Effects Of Housing Discrimination On Neighborhood Choice,3,Virtual,Postdoc,Student,1,1899-12-31T09:44:00Z,44,4,1899-12-31T10:38:00Z,98,1,1899-12-31T10:49:00Z,109,1,TRUE,FALSE,2,TRUE,FALSE,Never,Beginner,44,Proficient,Proficient,2,NA,Toronto,22,0,0,0,0,1,3,1,2,0,0,0,1,0,1,0,0,1,0,0,0,0,1,0,0
Toronto,AI-Assisted,t,R,Paper 1, Sorting Or Steering: The Effects Of Housing Discrimination On Neighborhood Choice,3,Virtual,Postdoc,Student,1,1899-12-31T09:55:00Z,55,4,1899-12-31T10:17:00Z,77,2,1899-12-31T11:51:00Z,171,2,TRUE,TRUE,2,TRUE,TRUE,Beginner,Intermediate,15,Advanced Beginner,Proficient,3,NA,Toronto,5,26,6,0,0,1,3,2,3,0,0,0,1,0,1,0,0,0,1,0,0,0,0,1,0
Toronto,AI-Assisted,s,R,Paper 1, Sorting Or Steering: The Effects Of Housing Discrimination On Neighborhood Choice,2,Virtual,Postdoc,Student,1,1899-12-31T10:00:00Z,60,2,1899-12-31T11:08:00Z,128,1,1899-12-31T11:30:00Z,150,2,TRUE,TRUE,2,TRUE,TRUE,Beginner,Advanced,48,Competent,Proficient,3,NA,Toronto,16,36,6,0,32581,1,3,2,4,0,0,0,1,0,1,0,0,0,1,0,0,0,0,0,1
Toronto,AI-Assisted,e,R,Paper 1, Sorting Or Steering: The Effects Of Housing Discrimination On Neighborhood Choice,2,Virtual,Professor,Researcher,1,1899-12-31T10:15:00Z,75,2,1899-12-31T10:50:00Z,110,3,1899-12-31T11:35:00Z,155,2,TRUE,TRUE,2,TRUE,TRUE,Beginner,Intermediate,25,Competent,Proficient,3,NA,Toronto,8.333333333333334,42,21,0,16585,2,4,2,3,0,0,1,0,1,0,0,0,0,1,0,0,0,0,1,0
Toronto,Human-Only,f,R,Paper 1, Sorting Or Steering: The Effects Of Housing Discrimination On Neighborhood Choice,2,Virtual,Researcher,Researcher,1,1899-12-31T10:30:00Z,90,0,NA,NA,0,NA,NA,2,TRUE,TRUE,2,TRUE,TRUE,Intermediate,Advanced,23,Competent,Competent,3,NA,Toronto,7.666666666666667,0,0,0,0,2,2,3,4,0,0,1,0,0,0,1,0,0,0,1,0,0,0,0,1
Toronto,Human-Only,i,R,Paper 1, Sorting Or Steering: The Effects Of Housing Discrimination On Neighborhood Choice,3,Virtual,Researcher,Student,1,1899-12-31T11:05:00Z,125,2,1899-12-31T09:32:00Z,32,6,1899-12-31T12:52:00Z,232,2,TRUE,TRUE,2,TRUE,TRUE,Beginner,Advanced,12,Proficient,Proficient,2,NA,Toronto,6,0,0,0,0,1,2,2,4,0,0,0,1,0,0,1,0,0,1,0,0,0,0,0,1
Toronto,Human-Only,v,R,Paper 1, Sorting Or Steering: The Effects Of Housing Discrimination On Neighborhood Choice,3,Virtual,Professor,Student,1,1899-12-31T11:25:00Z,145,6,1899-12-31T10:00:00Z,60,3,1899-12-31T11:00:00Z,120,2,TRUE,TRUE,2,TRUE,TRUE,Beginner,Intermediate,8,Competent,Proficient,2,NA,Toronto,4,0,0,0,0,1,4,2,3,0,0,0,1,1,0,0,0,0,1,0,0,0,0,1,0
Toronto,AI-Led,o,R,Paper 1, Sorting Or Steering: The Effects Of Housing Discrimination On Neighborhood Choice,3,Virtual,Postdoc,Student,1,1899-12-31T11:30:00Z,150,2,1899-12-31T11:45:00Z,165,0,NA,NA,2,TRUE,TRUE,2,TRUE,TRUE,Beginner,Intermediate,21,Competent,Proficient,2,NA,Toronto,10.5,0,0,0,0,1,3,2,3,0,0,0,1,0,1,0,0,0,1,0,0,0,0,1,0
Toronto,AI-Led,p,R,Paper 1, Sorting Or Steering: The Effects Of Housing Discrimination On Neighborhood Choice,2,Virtual,Student,Student,1,1899-12-31T12:04:00Z,184,3,1899-12-31T10:34:00Z,94,1,1899-12-31T11:30:00Z,150,2,TRUE,TRUE,2,TRUE,TRUE,Beginner,Advanced,20,Competent,Expert,2,NA,Toronto,10,0,0,0,0,1,1,2,4,0,0,0,1,0,0,0,1,0,1,0,0,0,0,0,1
Toronto,AI-Assisted,b,R,Paper 1, Sorting Or Steering: The Effects Of Housing Discrimination On Neighborhood Choice,3,In-Person,Student,Student,0,NA,NA,3,1899-12-31T10:36:00Z,96,1,1899-12-31T10:15:00Z,75,2,TRUE,TRUE,2,TRUE,TRUE,Never,Intermediate,38,Competent,Expert,3,NA,Toronto,12.666666666666666,12,1,1,12497,1,1,1,3,0,0,0,1,0,0,0,1,1,0,0,0,0,0,1,0
Toronto,AI-Assisted,r,R,Paper 1, Sorting Or Steering: The Effects Of Housing Discrimination On Neighborhood Choice,2,Virtual,Postdoc,Postdoc,0,NA,NA,1,1899-12-31T10:03:00Z,63,0,NA,NA,2,TRUE,TRUE,2,TRUE,TRUE,Never,Beginner,14,Competent,Competent,2,NA,Toronto,7,19,8,0,9731,3,3,1,2,0,1,0,0,0,1,0,0,1,0,0,0,0,1,0,0
Toronto,AI-Led,c,R,Paper 1, Sorting Or Steering: The Effects Of Housing Discrimination On Neighborhood Choice,3,In-Person,Professor,Student,0,NA,NA,3,1899-12-31T10:03:00Z,63,1,1899-12-31T13:17:00Z,257,2,TRUE,TRUE,2,TRUE,TRUE,Never,Intermediate,19,Competent,Proficient,2,NA,Toronto,9.5,0,0,0,0,1,4,1,3,0,0,0,1,1,0,0,0,1,0,0,0,0,0,1,0
Toronto,AI-Led,d,R,Paper 1, Sorting Or Steering: The Effects Of Housing Discrimination On Neighborhood Choice,4,Virtual,Professor,Student,0,NA,NA,2,1899-12-31T13:55:00Z,295,0,NA,NA,0,FALSE,FALSE,0,FALSE,FALSE,Beginner,Intermediate,53,Competent,Expert,3,NA,Toronto,17.666666666666668,0,0,0,0,1,4,2,3,0,0,0,1,1,0,0,0,0,1,0,0,0,0,1,0
Toronto,AI-Led,h,R,Paper 1, Sorting Or Steering: The Effects Of Housing Discrimination On Neighborhood Choice,3,Virtual,Professor,Student,0,NA,NA,2,1899-12-31T10:09:00Z,69,0,NA,NA,2,TRUE,TRUE,2,TRUE,TRUE,Never,Intermediate,42,Competent,Expert,3,NA,Toronto,14,0,0,0,0,1,4,1,3,0,0,0,1,1,0,0,0,1,0,0,0,0,0,1,0
Toronto,Human-Only,a,Stata,Paper 2, Major Reforms In Electricity Pricing: Evidence From A Quasi-Experiment,3,In-Person,Professor,Student,1,1899-12-31T09:21:00Z,21,6,1899-12-31T09:59:00Z,59,2,1899-12-31T10:07:00Z,67,2,TRUE,TRUE,2,TRUE,TRUE,Beginner,Intermediate,33,Competent,Proficient,3,NA,Toronto,11,0,0,0,0,1,4,2,3,0,0,0,1,1,0,0,0,0,1,0,0,0,0,1,0
Toronto,Human-Only,y,Stata,Paper 2, Major Reforms In Electricity Pricing: Evidence From A Quasi-Experiment,3,Virtual,Professor,Researcher,1,1899-12-31T09:52:00Z,52,2,1899-12-31T10:25:00Z,85,3,1899-12-31T10:15:00Z,75,2,TRUE,TRUE,2,TRUE,TRUE,Beginner,Intermediate,19,Competent,Proficient,3,NA,Toronto,6.333333333333333,0,0,0,0,2,4,2,3,0,0,1,0,1,0,0,0,0,1,0,0,0,0,1,0
Toronto,AI-Assisted,j,Stata,Paper 2, Major Reforms In Electricity Pricing: Evidence From A Quasi-Experiment,4,Virtual,Professor,Student,1,1899-12-31T09:54:00Z,54,2,1899-12-31T09:50:00Z,50,1,1899-12-31T11:45:00Z,165,2,TRUE,TRUE,2,TRUE,TRUE,Never,Intermediate,11,Competent,Proficient,2,NA,Toronto,5.5,23,8,0,8528,1,4,1,3,0,0,0,1,1,0,0,0,1,0,0,0,0,0,1,0
Toronto,AI-Assisted,m,Stata,Paper 2, Major Reforms In Electricity Pricing: Evidence From A Quasi-Experiment,2,Virtual,Student,Student,1,1899-12-31T10:01:00Z,61,2,1899-12-31T09:47:00Z,47,1,1899-12-31T11:49:00Z,169,2,TRUE,TRUE,2,TRUE,TRUE,Beginner,Intermediate,40,Proficient,Proficient,3,NA,Toronto,13.333333333333334,19,3,0,6530,1,1,2,3,0,0,0,1,0,0,0,1,0,1,0,0,0,0,1,0
Toronto,AI-Assisted,n,Stata,Paper 2, Major Reforms In Electricity Pricing: Evidence From A Quasi-Experiment,3,Virtual,Researcher,Researcher,1,1899-12-31T10:26:00Z,86,1,1899-12-31T10:09:00Z,69,0,NA,NA,2,TRUE,TRUE,2,TRUE,TRUE,Beginner,Advanced,21,Competent,Proficient,3,NA,Toronto,7,9,4,0,2073,2,2,2,4,0,0,1,0,0,0,1,0,0,1,0,0,0,0,0,1
Toronto,Human-Only,aa,Stata,Paper 2, Major Reforms In Electricity Pricing: Evidence From A Quasi-Experiment,3,Virtual,Postdoc,Researcher,1,1899-12-31T10:30:00Z,90,4,1899-12-31T12:04:00Z,184,4,1899-12-31T11:21:00Z,141,2,TRUE,TRUE,2,TRUE,TRUE,Never,Beginner,19,Advanced Beginner,Proficient,2,NA,Toronto,9.5,0,0,0,0,2,3,1,2,0,0,1,0,0,1,0,0,1,0,0,0,0,1,0,0
Toronto,Human-Only,x,Stata,Paper 2, Major Reforms In Electricity Pricing: Evidence From A Quasi-Experiment,2,Virtual,Professor,Postdoc,1,1899-12-31T10:30:00Z,90,1,1899-12-31T10:12:00Z,72,3,1899-12-31T11:30:00Z,150,1,TRUE,FALSE,2,TRUE,FALSE,Never,Intermediate,27,Competent,Expert,3,NA,Toronto,9,0,0,0,0,3,4,1,3,0,1,0,0,1,0,0,0,1,0,0,0,0,0,1,0
Toronto,AI-Led,w,Stata,Paper 2, Major Reforms In Electricity Pricing: Evidence From A Quasi-Experiment,3,Virtual,Professor,Student,1,1899-12-31T11:20:00Z,140,2,1899-12-31T10:45:00Z,105,0,NA,NA,2,TRUE,TRUE,2,TRUE,TRUE,Never,Advanced,30,Competent,Proficient,4,NA,Toronto,7.5,0,0,0,0,1,4,1,4,0,0,0,1,1,0,0,0,1,0,0,0,0,0,0,1
Toronto,AI-Led,z,Stata,Paper 2, Major Reforms In Electricity Pricing: Evidence From A Quasi-Experiment,3,Virtual,Postdoc,Student,1,1899-12-31T14:23:00Z,323,1,1899-12-31T09:50:00Z,50,0,NA,NA,2,TRUE,TRUE,2,TRUE,TRUE,Never,Never,30,Proficient,Proficient,3,NA,Toronto,10,0,0,0,0,1,3,1,1,0,0,0,1,0,1,0,0,1,0,0,0,1,0,0,0
Toronto,AI-Led,k,Stata,Paper 2, Major Reforms In Electricity Pricing: Evidence From A Quasi-Experiment,3,Virtual,Professor,Student,0,NA,NA,1,1899-12-31T11:50:00Z,170,0,NA,NA,0,FALSE,FALSE,0,FALSE,FALSE,Never,Intermediate,33,Advanced Beginner,Expert,3,NA,Toronto,11,0,0,0,0,1,4,1,3,0,0,0,1,1,0,0,0,1,0,0,0,0,0,1,0
Toronto,AI-Led,l,Stata,Paper 2, Major Reforms In Electricity Pricing: Evidence From A Quasi-Experiment,3,Virtual,Professor,Student,0,NA,NA,0,NA,NA,0,NA,NA,1,TRUE,FALSE,2,TRUE,FALSE,Never,Beginner,41,Competent,Competent,3,NA,Toronto,13.666666666666666,0,0,0,0,1,4,1,2,0,0,0,1,1,0,0,0,1,0,0,0,0,1,0,0
Virtual Europe,AI-Led,1.0,R,Paper 1, How The Other Half Died: Immigration And Mortality In Us Cities,4,Virtual,Postdoc,Student,1,1899-12-31T13:06:00Z,246,0,NA,NA,0,NA,NA,2,TRUE,TRUE,2,TRUE,TRUE,Beginner,Intermediate,23,Competent,Proficient,3,NA,Virtual,7.666666666666667,0,0,0,0,1,3,2,3,0,0,0,1,0,1,0,0,0,1,0,0,0,0,1,0
Virtual Europe,Human-Only,2.0,R,Paper 1, How The Other Half Died: Immigration And Mortality In Us Cities,3,Virtual,Professor,Student,1,1899-12-31T10:52:00Z,112,1,NA,NA,0,NA,NA,2,TRUE,TRUE,2,TRUE,TRUE,Beginner,Intermediate,31,Proficient,Proficient,3,NA,Virtual,10.333333333333334,0,0,0,0,1,4,2,3,0,0,0,1,1,0,0,0,0,1,0,0,0,0,1,0
Virtual Europe,AI-Assisted,3.0,R,Paper 1, How The Other Half Died: Immigration And Mortality In Us Cities,2,Virtual,Postdoc,Researcher,1,1899-12-31T09:50:00Z,50,1,1899-12-31T09:43:00Z,43,0,NA,NA,2,TRUE,TRUE,2,TRUE,TRUE,Beginner,Intermediate,14,Proficient,Proficient,2,NA,Virtual,7,0,0,0,0,2,3,2,3,0,0,1,0,0,1,0,0,0,1,0,0,0,0,1,0
Virtual Europe,AI-Led,4.0,R,Paper 1, How The Other Half Died: Immigration And Mortality In Us Cities,3,Virtual,Professor,Professor,0,NA,NA,0,NA,NA,1,1899-12-31T12:55:00Z,235,2,TRUE,TRUE,2,TRUE,TRUE,Never,Beginner,35,Proficient,Proficient,3,NA,Virtual,11.666666666666666,0,0,0,0,4,4,1,2,1,0,0,0,1,0,0,0,1,0,0,0,0,1,0,0
Virtual Europe,Human-Only,5.0,R,Paper 1, How The Other Half Died: Immigration And Mortality In Us Cities,2,Virtual,Professor,Professor,1,1899-12-31T09:35:00Z,35,0,NA,NA,0,NA,NA,2,TRUE,TRUE,2,TRUE,TRUE,Beginner,Beginner,25,Competent,Proficient,2,NA,Virtual,12.5,0,0,0,0,4,4,2,2,1,0,0,0,1,0,0,0,0,1,0,0,0,1,0,0
Virtual Europe,AI-Assisted,6.0,R,Paper 1, How The Other Half Died: Immigration And Mortality In Us Cities,3,Virtual,Professor,Student,1,1899-12-31T10:15:00Z,75,1,1899-12-31T09:50:00Z,50,0,NA,NA,1,TRUE,FALSE,1,TRUE,FALSE,Intermediate,Advanced,27,Advanced Beginner,Expert,3,NA,Virtual,9,79,78,0,35288,1,4,3,4,0,0,0,1,1,0,0,0,0,0,1,0,0,0,0,1
Virtual Europe,Human-Only,8.0,R,Paper 1, How The Other Half Died: Immigration And Mortality In Us Cities,3,Virtual,Professor,Researcher,1,1899-12-31T10:33:00Z,93,0,NA,NA,1,1899-12-31T12:06:00Z,186,2,TRUE,TRUE,2,TRUE,TRUE,Never,Intermediate,31,Competent,Proficient,3,NA,Virtual,10.333333333333334,0,0,0,0,2,4,1,3,0,0,1,0,1,0,0,0,1,0,0,0,0,0,1,0
Virtual Europe,AI-Led,10.0,R,Paper 1, How The Other Half Died: Immigration And Mortality In Us Cities,3,Virtual,Professor,Student,1,1899-12-31T11:30:00Z,150,0,NA,NA,0,NA,NA,1,TRUE,FALSE,0,FALSE,FALSE,Beginner,Intermediate,39,Competent,Proficient,3,NA,Virtual,13,0,0,0,0,1,4,2,3,0,0,0,1,1,0,0,0,0,1,0,0,0,0,1,0
Virtual Europe,Human-Only,11.0,Stata,Paper 2," Gambling, Saving, And Lumpy Liquidity Needs",3,Virtual,Professor,Student,1,1899-12-31T09:26:00Z,26,0,NA,NA,0,NA,NA,2,TRUE,TRUE,2,TRUE,TRUE,Never,Beginner,18,Competent,Expert,3,NA,Virtual,6,0,0,0,0,1,4,1,2,0,0,0,1,1,0,0,0,1,0,0,0,0,1,0,0
Virtual Europe,AI-Assisted,12.0,Stata,Paper 2," Gambling, Saving, And Lumpy Liquidity Needs",3,Virtual,Professor,Postdoc,1,1899-12-31T10:00:00Z,60,0,NA,NA,0,NA,NA,2,TRUE,TRUE,2,TRUE,TRUE,Intermediate,Intermediate,27,Competent,Proficient,3,NA,Virtual,9,12,3,0,4844,3,4,3,3,0,1,0,0,1,0,0,0,0,0,1,0,0,0,1,0
Virtual Europe,AI-Led,13.0,Stata,Paper 2," Gambling, Saving, And Lumpy Liquidity Needs",3,Virtual,Professor,Postdoc,1,1899-12-31T10:42:00Z,102,0,NA,NA,0,NA,NA,2,TRUE,TRUE,2,TRUE,TRUE,Never,Intermediate,46,Competent,Expert,3,NA,Virtual,15.333333333333334,0,0,0,0,3,4,1,3,0,1,0,0,1,0,0,0,1,0,0,0,0,0,1,0
Virtual Europe,Human-Only,14.0,Stata,Paper 2," Gambling, Saving, And Lumpy Liquidity Needs",3,Virtual,Professor,Student,1,1899-12-31T10:30:00Z,90,0,NA,NA,0,NA,NA,2,TRUE,TRUE,1,TRUE,FALSE,Never,Intermediate,16,Competent,Proficient,3,NA,Virtual,5.333333333333333,0,0,0,0,1,4,1,3,0,0,0,1,1,0,0,0,1,0,0,0,0,0,1,0
Virtual Europe,AI-Assisted,15.0,Stata,Paper 2," Gambling, Saving, And Lumpy Liquidity Needs",2,Virtual,Professor,Professor,1,1899-12-31T10:18:00Z,78,0,NA,NA,0,NA,NA,2,TRUE,TRUE,2,TRUE,TRUE,Beginner,Intermediate,19,Competent,Proficient,2,NA,Virtual,9.5,0,0,0,0,4,4,2,3,1,0,0,0,1,0,0,0,0,1,0,0,0,0,1,0
Virtual Europe,AI-Led,16.0,Stata,Paper 2," Gambling, Saving, And Lumpy Liquidity Needs",3,Virtual,Professor,Professor,0,NA,NA,0,NA,NA,0,NA,NA,2,TRUE,TRUE,2,TRUE,TRUE,Beginner,Intermediate,21,Proficient,Proficient,3,NA,Virtual,7,0,0,0,0,4,4,2,3,1,0,0,0,1,0,0,0,0,1,0,0,0,0,1,0
Virtual Europe,Human-Only,17.0,Stata,Paper 2," Gambling, Saving, And Lumpy Liquidity Needs",3,Virtual,Professor,Professor,1,1899-12-31T09:41:00Z,41,4,1899-12-31T09:41:00Z,41,3,1899-12-31T11:23:00Z,143,2,TRUE,TRUE,2,TRUE,TRUE,Beginner,Intermediate,51,Competent,Proficient,3,NA,Virtual,17,0,0,0,0,4,4,2,3,1,0,0,0,1,0,0,0,0,1,0,0,0,0,1,0
Virtual Europe,AI-Assisted,18.0,Stata,Paper 2," Gambling, Saving, And Lumpy Liquidity Needs",3,Virtual,Postdoc,Student,1,1899-12-31T09:18:00Z,18,0,NA,NA,2,1899-12-31T10:48:00Z,108,2,TRUE,TRUE,2,TRUE,TRUE,Beginner,Advanced,23,Competent,Proficient,3,NA,Virtual,7.666666666666667,15,2,0,6863,1,3,2,4,0,0,0,1,0,1,0,0,0,1,0,0,0,0,0,1
Virtual North America,AI-Led,19.0,R,Paper 3, Mindful-Gratitude Intervention Reduces Prejudice At High Levels Of Collective Narcissism,4,Virtual,Professor,Student,1,1899-12-31T10:56:00Z,116,0,1899-12-31T11:05:00Z,125,2,NA,NA,2,TRUE,TRUE,0,FALSE,FALSE,Intermediate,Advanced,51,Proficient,Expert,4,NA,Virtual,12.75,0,0,0,0,1,4,3,4,0,0,0,1,1,0,0,0,0,0,1,0,0,0,0,1
Virtual North America,Human-Only,20.0,R,Paper 3, Mindful-Gratitude Intervention Reduces Prejudice At High Levels Of Collective Narcissism,3,Virtual,Student,Student,1,1899-12-31T09:50:00Z,50,0,NA,NA,0,NA,NA,2,TRUE,TRUE,2,TRUE,TRUE,Beginner,Advanced,14,Advanced Beginner,Proficient,3,NA,Virtual,4.666666666666667,0,0,0,0,1,1,2,4,0,0,0,1,0,0,0,1,0,1,0,0,0,0,0,1
Virtual North America,AI-Assisted,21.0,R,Paper 3, Mindful-Gratitude Intervention Reduces Prejudice At High Levels Of Collective Narcissism,1,Virtual,Professor,Professor,1,1899-12-31T09:31:00Z,31,1,1899-12-31T10:03:00Z,63,0,NA,NA,1,TRUE,FALSE,2,TRUE,FALSE,Intermediate,Intermediate,10,Proficient,Proficient,1,NA,Virtual,10,27,5,2,8210,4,4,3,3,1,0,0,0,1,0,0,0,0,0,1,0,0,0,1,0
Virtual North America,AI-Led,22.0,R,Paper 3, Mindful-Gratitude Intervention Reduces Prejudice At High Levels Of Collective Narcissism,2,Virtual,Professor,Student,0,NA,NA,0,NA,NA,0,NA,NA,2,TRUE,TRUE,2,TRUE,TRUE,Intermediate,Intermediate,13,Competent,Proficient,2,NA,Virtual,6.5,0,0,0,0,1,4,3,3,0,0,0,1,1,0,0,0,0,0,1,0,0,0,1,0
Virtual North America,AI-Assisted,24.0,Stata,Paper 4," Gambling, Saving, And Lumpy Liquidity Needs",2,Virtual,Professor,Researcher,1,1899-12-31T09:38:00Z,38,0,NA,NA,1,1899-12-31T11:53:00Z,173,2,TRUE,TRUE,2,TRUE,TRUE,Beginner,Beginner,24,Proficient,Proficient,2,NA,Virtual,12,0,0,0,0,2,4,2,2,0,0,1,0,1,0,0,0,0,1,0,0,0,1,0,0
Virtual North America,AI-Led,25.0,Stata,Paper 4," Gambling, Saving, And Lumpy Liquidity Needs",3,Virtual,Professor,Student,1,1899-12-31T10:35:00Z,95,0,NA,NA,0,NA,NA,2,TRUE,TRUE,0,FALSE,FALSE,Beginner,Intermediate,35,Competent,Proficient,3,NA,Virtual,11.666666666666666,0,0,0,0,1,4,2,3,0,0,0,1,1,0,0,0,0,1,0,0,0,0,1,0
Virtual North America,Human-Only,26.0,Stata,Paper 4," Gambling, Saving, And Lumpy Liquidity Needs",2,Virtual,Professor,Researcher,1,1899-12-31T09:40:00Z,40,0,NA,NA,1,1899-12-31T10:09:00Z,69,2,TRUE,TRUE,2,TRUE,TRUE,Advanced,Advanced,31,Proficient,Expert,2,NA,Virtual,15.5,0,0,0,0,2,4,4,4,0,0,1,0,1,0,0,0,0,0,0,1,0,0,0,1
Virtual North America,AI-Assisted,27.0,Stata,Paper 4," Gambling, Saving, And Lumpy Liquidity Needs",2,Virtual,Professor,Student,1,1899-12-31T10:28:00Z,88,0,NA,NA,0,NA,NA,2,TRUE,TRUE,2,TRUE,TRUE,Intermediate,Intermediate,22,Competent,Proficient,2,NA,Virtual,11,25,1,0,30306,1,4,3,3,0,0,0,1,1,0,0,0,0,0,1,0,0,0,1,0
Virtual North America,AI-Led,28.0,Stata,Paper 4," Gambling, Saving, And Lumpy Liquidity Needs",3,Virtual,Professor,Professor,1,1899-12-31T12:40:00Z,220,1,1899-12-31T14:05:00Z,305,0,NA,NA,2,TRUE,TRUE,0,FALSE,FALSE,Beginner,Intermediate,46,Competent,Proficient,3,NA,Virtual,15.333333333333334,0,0,0,0,4,4,2,3,1,0,0,0,1,0,0,0,0,1,0,0,0,0,1,0
Virtual North America,Human-Only,29.0,Stata,Paper 4," Gambling, Saving, And Lumpy Liquidity Needs",3,Virtual,Professor,Student,1,1899-12-31T09:39:00Z,39,1,1899-12-31T10:27:00Z,87,2,1899-12-31T12:00:00Z,180,2,TRUE,TRUE,2,TRUE,TRUE,Never,Intermediate,39,Competent,Expert,3,NA,Virtual,13,0,0,0,0,1,4,1,3,0,0,0,1,1,0,0,0,1,0,0,0,0,0,1,0
Virtual North America,AI-Assisted,30.0,Stata,Paper 4," Gambling, Saving, And Lumpy Liquidity Needs",2,Virtual,Professor,Researcher,1,1899-12-31T14:23:00Z,323,1,1899-12-31T10:30:00Z,90,0,NA,NA,2,TRUE,TRUE,2,TRUE,TRUE,Intermediate,Advanced,10,Competent,Proficient,2,NA,Virtual,5,22,30,0,9705,2,4,3,4,0,0,1,0,1,0,0,0,0,0,1,0,0,0,0,1
Virtual North America,AI-Led,31.0,Stata,Paper 4," Gambling, Saving, And Lumpy Liquidity Needs",2,Virtual,Professor,Student,0,NA,NA,0,NA,NA,1,1899-12-31T11:47:00Z,167,2,TRUE,TRUE,2,TRUE,TRUE,Beginner,Beginner,12,Competent,Proficient,2,NA,Virtual,6,0,0,0,0,1,4,2,2,0,0,0,1,1,0,0,0,0,1,0,0,0,1,0,0
